{
    "name": "analytics",
    "title": "Analytics",
    "description": "Analytics",
    "version": "0.0.10",
    "minimumCoreVersion": "9.249",
    "compatibleCoreVersion": "9",
    "author": "Nokturnel",
    "styles": ["./templates/analytics.css"],
    "packs": [ ],
    "languages": [
        {
            "lang": "en",
            "name": "English",
            "path": "lang/en.json"
        }
    ],
    "scripts": [ ],
    "esmodules": [ "./analytics.js" ],
    "dependencies": [
        {
            "name" : "dnd5e",
            "type" : "system"
        }
    ],
    "socket": true,
    "url": "https://github.com/tlaroy/analytics",
    "manifest": "https://github.com/tlaroy/analytics/raw/main/module.json",
    "download": "https://github.com/tlaroy/analytics/raw/main/downloads/analytics-v0.0.10.zip"
}
